Kategori,Ders Kodu,Ders İsmi,Haftalık Saat ,Kredi,AKTS
Bölüm Dışı Zorunlu,MATH111,PDF'te Belirtilmemiş,Belirtilmemiş,Belirtilmemiş,Belirtilmemiş
Bölüm Dışı Zorunlu,SOC201,Sosyolojiye Giriş,3,3,5
Sınırlı Seçmeli,POLS341,Dış Politika Analizleri,3,3,5
Sınırlı Seçmeli,POLS342,Uluslararası İlişkiler Teorileri,3,3,5
Sınırlı Seçmeli,POLS345,Uluslararası Kamu Hukuku,3,3,5
Sınırlı Seçmeli,POLS346,Uluslararası Ekonomi Politik,3,3,5
Sınırlı Seçmeli,POLS347,Siyaset Sosyolojisi,3,3,5
Sınırlı Seçmeli,POLS355,Karşılaştırmalı Siyasi İdeolojiler,3,3,5
Sınırlı Seçmeli,POLS436,Partiler ve Siyasi Davranış,3,3,5
Sınırlı Seçmeli,POLS440,Çevre Politikaları,3,3,5
Sınırlı Seçmeli,POLS452,Avrupa Entegrasyonu,3,3,5
Sınırlı Seçmeli,POLS455,Karşılaştırmalı Siyasal Sistemler,3,3,5
Sınırlı Seçmeli,PSY290,PDF'te Belirtilmemiş,Belirtilmemiş,Belirtilmemiş,Belirtilmemiş
Sınırlı Seçmeli,ECON345,PDF'te Belirtilmemiş,Belirtilmemiş,Belirtilmemiş,Belirtilmemiş
Sınırlı Seçmeli,ECON356,PDF'te Belirtilmemiş,Belirtilmemiş,Belirtilmemiş,Belirtilmemiş
Sınırlı Seçmeli,ECON370,PDF'te Belirtilmemiş,Belirtilmemiş,Belirtilmemiş,Belirtilmemiş
Sınırlı Seçmeli,ARCD112,PDF'te Belirtilmemiş,Belirtilmemiş,Belirtilmemiş,Belirtilmemiş
Sınırlı Seçmeli,BA445,PDF'te Belirtilmemiş,Belirtilmemiş,Belirtilmemiş,Belirtilmemiş
Sınırlı Seçmeli,BA473,PDF'te Belirtilmemiş,Belirtilmemiş,Belirtilmemiş,Belirtilmemiş
Sınırlı Seçmeli,MATH112,PDF'te Belirtilmemiş,Belirtilmemiş,Belirtilmemiş,Belirtilmemiş
Bölüm İçi Seçmeli,POLS331,Toplumsal Cinsiyet ve Siyaset,3,3,5
Bölüm İçi Seçmeli,POLS333,Toplumsal Tabakalaşma,3,3,5
Bölüm İçi Seçmeli,POLS334,Siyasi Jenerasyonlar,3,3,5
Bölüm İçi Seçmeli,POLS335,Milliyetçilik Teorileri,3,3,5
Bölüm İçi Seçmeli,POLS336,Din ve Siyaset,3,3,5
Bölüm İçi Seçmeli,POLS431,İdeoloji Tartışmaları,3,3,5
Bölüm İçi Seçmeli,POLS432,"Kent, Politika ve Edebiyat",3,3,5
Bölüm İçi Seçmeli,POLS433,Kamuoyu,3,3,5
Bölüm İçi Seçmeli,POLS434,Sinema ve Siyaset,3,3,5
Bölüm İçi Seçmeli,POLS435,Modernleşme ve Toplumsal Değişim,3,3,5
Bölüm İçi Seçmeli,POLS343,Küreselleşme ve Uluslararası Göç,3,3,5
Bölüm İçi Seçmeli,POLS344,Ulus-Ötesi Siyaset,3,3,5
Bölüm İçi Seçmeli,POLS441,Uluslararası Güvenlik,3,3,5
Bölüm İçi Seçmeli,POLS442,Enerji Politikaları,3,3,5
Bölüm İçi Seçmeli,POLS443,Avrupa Birliği Dış Politikası,3,3,5
Bölüm İçi Seçmeli,POLS444,Orta Doğu'da Çatışma ve Çözüm,3,3,5
Bölüm İçi Seçmeli,POLS445,İnsani Müdahale,3,3,5
Bölüm İçi Seçmeli,POLS446,İnsani Güvenlik,3,3,5
Bölüm İçi Seçmeli,POLS351,Dünya Tarihinde Devrimler,3,3,5
Bölüm İçi Seçmeli,POLS352,Yeni Toplumsal Hareketler,3,3,5
Bölüm İçi Seçmeli,POLS353,Tarihsel Sosyoloji,3,3,5
Bölüm İçi Seçmeli,POLS354,Gelişen Dünyada Demokratikleşme,3,3,5
Bölüm İçi Seçmeli,POLS451,Karşılaştırmalı Refah Devletleri,3,3,5
Bölüm İçi Seçmeli,POLS453,Orta Doğu Siyaseti,3,3,5
Bölüm İçi Seçmeli,POLS454,Üçüncü Dünya Feminizmi,3,3,5
Bölüm İçi Seçmeli,POLS456,Demokrasi Teorileri,3,3,5
Bölüm İçi Seçmeli,POLS457,Sürdürülebilir Kalkınma Siyaseti,3 (Teori+Uygulama),3,5
Bölüm İçi Seçmeli,POLS363,Sosyal Dışlanma,3,3,5
Bölüm İçi Seçmeli,POLS364,Gençlerin Toplumsal Gelişimi,3,3,5
Bölüm İçi Seçmeli,POLS462,İleri Alan Çalışması,3,3,5
Bölüm İçi Seçmeli,POLS374,Siyasette Markalaştırma,3,3,5
Bölüm İçi Seçmeli,POLS473,Müzakere,3,3,5
Bölüm İçi Seçmeli,POLS383,Veri Odaklı Siyaset,3,3,5
Bölüm İçi Seçmeli,POLS384,Global Güvenlik ve Blockchain,3,3,5
Bölüm İçi Seçmeli,POLS482,Veri İşleme,3,3,5
Bölüm İçi Seçmeli,POLS483,Veri İşleme 2,3,3,5
Bölüm İçi Seçmeli,POLS484,Nitel Analize ve Araştırma Programlarına Giriş,3,3,5
Bölüm İçi Seçmeli,POLS392,Proje Yönetimi,3,3,5
Bölüm İçi Seçmeli,POLS394,Çatışma Çözümü,3,3,5
Bölüm İçi Seçmeli,POLS493,Akademik Yazma Becerileri,3,3,5
Bölüm İçi Seçmeli,POLS494,İletişim Becerileri,3,3,5
Bölüm İçi Seçmeli,POLS447,"Çatışma, Savaş ve Barışın Politik Ekonomisi",3,3,5
Bölüm İçi Seçmeli,POLS461,Söylem Analizi,3,3,5
Bölüm İçi Seçmeli,POLS458,Postdijital Dünyada İnsan Hakları,3,3,5